<?xml version="1.0" encoding="UTF-8"?>
<beans xmlns="http://www.springframework.org/schema/beans"
	xmlns:xsi="http://www.w3.org/2001/XMLSchema-instance" xmlns:p="http://www.springframework.org/schema/p"
	xmlns:context="http://www.springframework.org/schema/context"
	xmlns:mvc="http://www.springframework.org/schema/mvc"
	xsi:schemaLocation="http://www.springframework.org/schema/beans  
http://www.springframework.org/schema/beans/spring-beans-3.0.xsd  
http://www.springframework.org/schema/context  
http://www.springframework.org/schema/context/spring-context-3.0.xsd
http://www.springframework.org/schema/mvc 
http://www.springframework.org/schema/mvc/spring-mvc.xsd">

<mvc:annotation-driven></mvc:annotation-driven>
<!--handler mapping : we are mapping here with controller who handles everything  -->
<context:component-scan base-package="com.arun.killme.controller"/>
<!-- Multipart Resolver: for saving the image in the application -->
<bean id="multipartResolver" class="org.springframework.web.multipart.commons.CommonsMultipartResolver" />
<!--internal view resolver : we are specifying path for internal view  -->
<bean  class="org.springframework.web.servlet.view.InternalResourceViewResolver">
<property name="prefix"><value>/WEB-INF/views/</value></property>
<property name="suffix"><value>.jsp</value></property>
</bean>
<!--resource mapping: we are mapping to resources folder -->
<mvc:resources location="/resources/" mapping="/resources/**" />
</beans>